,Unnamed: 0,end_date,start_date,subtitle,supporters,text,title,page,day,start_month,year,month,end_month,running_days,text_length
0,0,,2018-01-26,"Folketinget pålægger Uddannelses- og forskningsministeren at afskaffe begrænsning af dobbeltuddannelse, som indført i L69, lov om ændring af lov om adgangsregulering ved videregående uddannelser (begrænsning af dobbeltuddannelse) – eller bedre kendt som uddannelsesloftet.",53806,"Folketinget pålægger Uddannelses- og forskningsministeren at afskaffe begrænsning af dobbeltuddannelse, som indført i L69, lov om ændring af lov om adgangsregulering ved videregående uddannelser (begrænsning af dobbeltuddannelse) – eller bedre kendt som uddannelsesloftet.",Forslag om at afskaffe uddannelsesloftet!,5,,januar,NaN,,,72 days 00:00:00.000000000,272
1,1,2018-07-29,2018-01-30,"Lovforslaget går i sin enkelhed ud på, at sikre anbrinelsesstedet part i børne sagen når det anbragtebarn har været anbragt i familien i 2 år.",564,"Lovforslaget går i sin enkelhed ud på, at sikre anbrinelsesstedet part i børne sagen når det anbragtebarn har været anbragt i familien i 2 år.Og påtænkes det, at man vil flytte et anbragtbarn skal der udfærdiges en tilknytnings undersøgelse af uddannet psykolog.Samt høring af anbrinelses stedet samt af det anbragtebarn skal finde sted ved påtænket ændring af anbringelsessted, sker det ikke skal kommunerne straffes med bøder og erstatning til anbringelsesstedet.",POLITISK FORSLAG TIL HØRING I FOLKETINGET OM ÆNDRINGER AF ANBRAGTE BØRN OG PLEJEFAMILIERS RETTIGHEDER.,34,29.0,januar,2018,7.0,juli,68 days 00:00:00.000000000,465
2,2,2018-08-07,2018-02-08,Logningsbekendtgørelsen annulleres,538,Logningsbekendtgørelsen annulleres,Statens logningsbekendtgørelse skal annulleres,42,7.0,februar,2018,8.0,august,59 days 00:00:00.000000000,34
3,3,2018-07-29,2018-01-30,"Forslaget er at man automatisk giver førtidspension til personer der har været udsat for seksualt overgreb og/el. systematisk vold/tortur igennem opvækst, hvis de selv ønsker at få førtidspension.",59,"Forslaget er at man automatisk giver førtidspension til personer der har været udsat for seksualt overgreb og/el. systematisk vold/tortur igennem opvækst, hvis de selv ønsker at få førtidspension.Førtidspensionen skal tilbydes så snart der er faldet dom til fordel for forudrettede i sagen og inden en eventuel erstatning udbetales.",Automatisk førtidspension til personer der har været udsat for seksualt overgreb og/el. systematisk vold/tortur igennem opvækst,59,29.0,januar,2018,7.0,juli,68 days 00:00:00.000000000,332
4,4,2018-08-18,2018-02-19,"Det foreslås, at AM-bidraget (også kaldet bruttoskatten) på 8% gradvis afskaffes over de kommende 16 år, idet det sænkes med 0,5%-point om året, således at AM-bidraget i 2019 bliver 7,5%, i 2020 7%, i 2021 6,5% og så fremdeles.",111,"Det foreslås, at AM-bidraget (også kaldet bruttoskatten) på 8% gradvis afskaffes over de kommende 16 år, idet det sænkes med 0,5%-point om året, således at AM-bidraget i 2019 bliver 7,5%, i 2020 7%, i 2021 6,5% og så fremdeles.",AM-bidraget skal afskaffes,62,18.0,februar,2018,8.0,august,48 days 00:00:00.000000000,227
5,5,2018-08-11,2018-02-12,"Psykofarmaka er fællesbetegnelsen for en række produkter, der påvirker hjernen og centralnervesystemet. Der er tale om antidepressiver, antipsykotiske midler og midler til børn af typen methylphenidat.",239,"Psykofarmaka er fællesbetegnelsen for en række produkter, der påvirker hjernen og centralnervesystemet. Der er tale om antidepressiver, antipsykotiske midler og midler til børn af typen methylphenidat.Alle midlerne har en stærk påvirkning af hjernen mod en lang række sygdomme, som der ikke er dokumentation på, da det aldrig er videnskabeligt bevist, hvad der forårsager psykiske lidelser.I årevis er midlerne blevet udskrevet til højre og venstre under påberåbelse af, at de ikke skader, og at der ikke er alvorlige bivirkninger ved dem. Til trods for at en enkelt medicinsk database som eksempelvis Pubmed i begyndelsen af 2018 har registreret 808 sider med 16.157 videnskabelige undersøgelser af bivirkninger og skader på grund af bare antidepressiver, mens der i samme medicinske database er registreret 1.897 sider med 37.925 videnskabelige undersøgelser af bivirkninger og skader på grund af antipsykotiske midler.Der er altså tale om meget stærke midler, der i årevis er blevet udskrevet stik imod deres anvendelsesmuligheder mod diffuse ikke videnskabelige dokumenterede sygdomme, hvilket har medført mange lidelser, lemlæstelser og død.Det henstilles derfor til, at folketinget forsyner disse midler med restriktioner for anvendelsen. Som led i restriktion kan der eventuelt indføres samtykke erklæring for især antidepressiver, som er det præparat, der hyppigst bliver udskrevet imod sine anvendelsesformål, og som har meget alvorlige bivirkninger.",Restriktioner på psykofarmaka,66,11.0,februar,2018,8.0,august,55 days 00:00:00.000000000,1459
6,6,2018-07-29,2018-01-30,"Folketinget pålægger regeringen at genindføre en paragraf i indfødsretsloven, der giver unge mennesker uden dansk statsborgerskab, som er født og opvokset i Danmark, og som opfylder en række betingelser, mulighed for at opnå dansk statsborgerskab ved afgivelse af en erklæring overfor en myndighed, f.eks. statsforvaltningen.",4669,"Folketinget pålægger regeringen at genindføre en paragraf i indfødsretsloven, der giver unge mennesker uden dansk statsborgerskab, som er født og opvokset i Danmark, og som opfylder en række betingelser, mulighed for at opnå dansk statsborgerskab ved afgivelse af en erklæring overfor en myndighed, f.eks. statsforvaltningen.","Statsborgerskab til unge mennesker, som er født og opvokset i Danmark - indfødsret ved erklæringsafgivelse",67,29.0,januar,2018,7.0,juli,68 days 00:00:00.000000000,325
7,7,2018-08-18,2018-02-19,Formålet med fredningen er at standse opdrætning af slagtedyr og forsyning af levende dyr til slagteri-industri som bliver slået ihjel med henblik på kødproduktion.,333,"Formålet med fredningen er at standse opdrætning af slagtedyr og forsyning af levende dyr til slagteri-industri som bliver slået ihjel med henblik på kødproduktion.Dyreværnslovens paragraffer forbyder reelt kødproduktion men paradoksalt eksistere bekendtgørelsen om slagtning og aflivning af dyr. Dette resultere i at der opstår et logisk og etisk dilemma, fordi, hvorledes kan en dyreværnslov håndhæves, når en kontradiktorisk lov tillader dyr at dræbes såfremt det sker på et slagteri? Dette er ulogisk og uetisk. Det bør være forbudt at dræbe dyr med henblik på profit hvor end det finder sted, og samtidig bør det ikke være tilladt, eftersom dette resultere i et etisk og logisk dilemma.Her er et eksempel de to første paragraffer fra bekendtgørelsen af dyreværnsloven og bekendtgørelsen om slagtning og aflivning af dyr.Bekendtgørelse af dyreværnsloven§ 1. Dyr er levende væsener og skal behandles forsvarligt og beskyttes bedst muligt mod smerte, lidelse, angst, varigt men og væsentlig ulempe.Bekendtgørelse om slagtning og aflivning af dyr.§ 1. Reglerne i denne bekendtgørelse finder anvendelse på slagtning og aflivning af dyr, der avles eller holdes med henblik på fremstilling af fødevarer, uld, skind, pelsværk og andre produkter.Disse to paragraffer kan logisk set og etisk set, ikke eksistere samtidig som lovgivning. Dyr er ifølge dyreværnsloven § 1 ikke fødevare, men ""..levende væsner.."" og således er der intet fundament for en lov der sanktionere industri bestående af drab og slagtning af dyr. Krænkelse af dyrs eksistens bør medføre straf som også er beskrevet i dyreværnsloven, derfor bør alt lovgivning som tillader opdrætning af slagtekvæg, drab og slagtning af dyr, omgående afskæres fra Dansk lov. Fredning af dyr og kriminalisering af opdræt af slagtekvæg og slagtedyr generelt, er nødvendig for at etablere en komplet etisk lov og situation. Slagteri-industri er etisk uforsvarlig og er en ondskab som etiske mennesker og etisk lov ikke kan tolerere.",Fredning af dyr skal standse slagteri-industri,72,18.0,februar,2018,8.0,august,48 days 00:00:00.000000000,1978
8,8,2018-08-11,2018-02-12,"Jeg foreslår, at det forbydes lastbiler, busser mv. at overhale på motorvejen. Der skal ikke kun på udvalgte strækninger i et vist tidsrum være et forbud for lastbiler at overhale. På strækninger med 3 kørebaner kunne der gælde overhalingsforbud i myldretiden. På strækninger med kun 2 kørebaner bør der være totalt overhalingsforbud for kørtøjer.",207,"Jeg foreslår, at det forbydes lastbiler, busser mv. at overhale på motorvejen. Der skal ikke kun på udvalgte strækninger i et vist tidsrum være et forbud for lastbiler at overhale. På strækninger med 3 kørebaner kunne der gælde overhalingsforbud i myldretiden. På strækninger med kun 2 kørebaner bør der være totalt overhalingsforbud for kørtøjer.",Elefantræs på motorvejen,73,11.0,februar,2018,8.0,august,55 days 00:00:00.000000000,347
9,9,2018-08-21,2018-02-22,Udskrive et valg med henblik på udmeldelse af Den Europæiske Union.,216,Udskrive et valg med henblik på udmeldelse af Den Europæiske Union.,Udskrive valg med henblik på udmeldelse af Den Europæiske Union.,76,21.0,februar,2018,8.0,august,45 days 00:00:00.000000000,67
10,10,2018-08-12,2018-02-13,"Da vilkårene for fleksjobbere og førtidspensionister er blevet væsentligt forringet efter indførelse af reformen i januar 2013, ønskes det, at Folketinget genbehandler reformen og genindfører reformen på de vilkår, der var gældende FØR 2013.",3695,"Da vilkårene for fleksjobbere og førtidspensionister er blevet væsentligt forringet efter indførelse af reformen i januar 2013, ønskes det, at Folketinget genbehandler reformen og genindfører reformen på de vilkår, der var gældende FØR 2013.",Genindfør den tidligere fleksjobreform (før 2013),90,12.0,februar,2018,8.0,august,54 days 00:00:00.000000000,241
11,11,2018-08-11,2018-02-12,"Det er bestemt i et direktiv 2000/84/EF, at sommertid fra 2003 begynder kl. 1.00 om morgenen, verdenstid (UTC), den sidste søndag i marts og ophører kl. 1.00 om morgenen (UTC) den sidste søndag i oktober.",5907,"Det er bestemt i et direktiv 2000/84/EF, at sommertid fra 2003 begynder kl. 1.00 om morgenen, verdenstid (UTC), den sidste søndag i marts og ophører kl. 1.00 om morgenen (UTC) den sidste søndag i oktober.Forslager er at Danmark i sin nationale lovgivning, implementerer en fortolkning hvor Danmark ikke benytter sommertid - men normaltid hele året.",Afskaffelse af sommertid,104,11.0,februar,2018,8.0,august,55 days 00:00:00.000000000,348
12,12,2018-08-11,2018-02-12,"Alt andet i sundhedssektoren er gratis, så hvorfor skal tænderne på mange mennesker gå til fordi de ikke har råd til en behandling hos tandlægerne? Vi håber at du vil bede din familie samt venner om at gå ind her på siden og støtte forslaget til behandling i Folketinget.",2807,"Alt andet i sundhedssektoren er gratis, så hvorfor skal tænderne på mange mennesker gå til fordi de ikke har råd til en behandling hos tandlægerne? Vi håber at du vil bede din familie samt venner om at gå ind her på siden og støtte forslaget til behandling i Folketinget.Vi ved godt det virker mærkeligt at man skal skrive sit cpr. nr. når der er logget ind med Nem-Id, men du finder en god forklaring på Folketingets hjemmeside. Hovedbegrundelsen for forslaget er, at det bør være gratis med almindeligt tandeftersyn og akut tandpine. Det vil i sidste ende være godt for samfundsøkonomien, idet det vil spare mange virksomheder for tabte arbejdstimer når medarbejderne ikke melder sig syg på grund af tandpinen. Det må jo være klart, at hvis borgerne går til eftersyn hvert halve år, så vil man også opnå en bedre tilstand af tænderne. I dag er det for dyrt og en dårlig forretning for samfundet, at man skal betale for tandpleje. Tænk hvis folk også skulle betale for at gå til andre speciallæger - så som øjnelæge, øre- og halslæge, hudlæge m.fl.","""Gratis Tandlæge"" Det bør være gratis at gå til tandlægen for borgerne i Danmark.",109,11.0,februar,2018,8.0,august,55 days 00:00:00.000000000,1049
13,13,2018-08-05,2018-02-06,Folketinget pålægger i forbindelse med medieforliget 2018 forligsparterne at indføre nedsat medielicens for unge/studerende svarende til §10 omhandlende mulighed for nedsat medielicens for pensionister.,501,Folketinget pålægger i forbindelse med medieforliget 2018 forligsparterne at indføre nedsat medielicens for unge/studerende svarende til §10 omhandlende mulighed for nedsat medielicens for pensionister.,Forslag om nedsat medielicens for unge og studerende,110,5.0,februar,2018,8.0,august,61 days 00:00:00.000000000,202
14,14,2018-08-08,2018-02-09,Folketinget pålægger Økonomi- og indenrigsministeren at gennemføre en kommunalreform med henblik på at øge antallet af kommuner og indføre et styrket regionalt niveau.,62,Folketinget pålægger Økonomi- og indenrigsministeren at gennemføre en kommunalreform med henblik på at øge antallet af kommuner og indføre et styrket regionalt niveau.,Et opgør med centraliseringen,111,8.0,februar,2018,8.0,august,58 days 00:00:00.000000000,167
15,15,2018-08-11,2018-02-12,"Kommunerne sagsbehandling af syge borgere er i dag mangelfuld i forhold til sygdomsforløbet, langtrækkende og fastholder syge borgere i deres sygdom. Dette er dårligt for borgeren og bekosteligt for samfundet. Dette forslag har til formål at mindske kommunernes sagsbehandling og give syge borgere tid til at komme sig over deres sygdom, fremfor at tvinge borgerne igennem dyre tilbud for at undgå at borgerne før en førtidspension.",365,"Kommunerne sagsbehandling af syge borgere er i dag mangelfuld i forhold til sygdomsforløbet, langtrækkende og fastholder syge borgere i deres sygdom. Dette er dårligt for borgeren og bekosteligt for samfundet. Dette forslag har til formål at mindske kommunernes sagsbehandling og give syge borgere tid til at komme sig over deres sygdom, fremfor at tvinge borgerne igennem dyre tilbud for at undgå at borgerne før en førtidspension.•	Borgere med erklæring fra egen læge eller faglige specialister som tilkendegiver stærkt nedsat erhvervsevne (60% eller mere) skal som udgangspunkt have førtidspensionslignende forhold. •	Borgeren skal have tilbud om helbredsmæssig forbedrende behandling, såfremt en sådan er mulig, og ved endt behandling skal arbejdsevne igen vurderes af specialister på området.•	Borgerens uarbejdsdygtighed må på intet tidspunkt vurderes ud fra andet end en lægefaglig vurdering og skal altid laves af den behandlende læge.•	Er der tvivl om den lægelige vurdering kan den lægelige vurdering kræves vurderet af en lægefaglig person med ekspertviden indenfor det område sygdommen omhandler. Denne person skal være ansat ved regionen og udpeges af regionen.",Nej til syge borgere på kontanthjælp,117,11.0,februar,2018,8.0,august,55 days 00:00:00.000000000,1174
16,16,2018-08-25,2018-02-26,"Jeg foreslår, at momsen på økologisk frugt og grønt nedsættes ganske væsentligt.",713,"Jeg foreslår, at momsen på økologisk frugt og grønt nedsættes ganske væsentligt.",Nedsættelse af moms på økologiske frugt og grøntsager.,119,25.0,februar,2018,8.0,august,41 days 00:00:00.000000000,80
17,17,2018-07-31,2018-02-01,"Folketinget pålægger regeringen at fremsætte lovforslag, som ulovliggør omskæring af umyndige drenge uden medicinsk indikation.",904,"Folketinget pålægger regeringen at fremsætte lovforslag, som ulovliggør omskæring af umyndige drenge uden medicinsk indikation.",Omskæring af drenge – 18-års grænse,120,31.0,februar,2018,7.0,juli,66 days 00:00:00.000000000,127
18,18,2018-07-31,2018-02-01,"Folketinget pålægger regeringen at fremsætte lovforslag, der indfører en kønsneutral mindstealder på 18 år for omskæring, som ikke er nødvendig af helbredsmæssige årsager.",34938,"Folketinget pålægger regeringen at fremsætte lovforslag, der indfører en kønsneutral mindstealder på 18 år for omskæring, som ikke er nødvendig af helbredsmæssige årsager.",Indførelse af 18 års mindstealder for omskæring af raske børn,124,31.0,februar,2018,7.0,juli,66 days 00:00:00.000000000,171
19,19,2018-07-29,2018-01-30,"Folketinget anmodes om at vedtage ved lov, at alle offentlige køkkener som en fast valgmulighed skal tilbyde et plantebaseret måltid, som er mættende og nærende. Formålet er at sikre, at alle borgere kan vælge et mættende og nærende måltid i de offentlige køkkener - skoler, plejehjem, daginstitutioner, hospitaler, plejecentre, osv - uanset om de er vegetarer, veganere, allergikere eller blot ønsker muligheden for at spise grønnere.",6380,"Folketinget anmodes om at vedtage ved lov, at alle offentlige køkkener som en fast valgmulighed skal tilbyde et plantebaseret måltid, som er mættende og nærende. Formålet er at sikre, at alle borgere kan vælge et mættende og nærende måltid i de offentlige køkkener - skoler, plejehjem, daginstitutioner, hospitaler, plejecentre, osv - uanset om de er vegetarer, veganere, allergikere eller blot ønsker muligheden for at spise grønnere.",Grøn mad i alle offentlige køkkener,131,29.0,januar,2018,7.0,juli,68 days 00:00:00.000000000,435
20,20,2018-08-13,2018-02-14,Baggrund: ,15,"Baggrund: Når en kommune udarbejder et nyt forslag til Kommuneplan koordineres det undervejs med forskellige offentlige instanser , bl.a. Erhvervsstyrelsen og med forskellige interesseorganisationer, bl.a. Stifter.Når forslaget er endelig udarbejdet sendes det i ""offentlig høring"" og i den forbindelse direkte til bl.a. Erhvervsstyrelsen og Stiftet, til kommentering. Forslaget offentliggøres tillige forskellige steder - aviser og hjemmesider, så borgerne kan fremkomme med kommentarer.Kommer der ingen bemærkninger vedtages Kommuneplanen og er dermed gældende.Herefter kan ejere af jord og ejendom, kommuner m.v. så udarbejde lokalplaner i h.h.t. rammerne og indholdet i Kommuneplanen.Og nu kan problemet så opstå - hvilket det gjorde i mit tilfælde!Selvom den lokalplan vi (forslagsstiller m.fl. og kommune) udarbejdede holdt sig mere end rigeligt indenfor rammerne af Kommuneplanen, så kan offentlige instanser bl.a. Erhvervsstyrelsen og andre interesseorganisationer som f.eks. Stiftet, gøre indsigelse mod f.eks. en bebyggelse i lokalplanen - selvom både Erhvervst. og Stiftet 1½ år tidligere godkendte selv samme bebyggelse!!!!Det er jo fuldstændig absurd og er at gøre grin med skatteborgernes penge, da det koster dyrt for en kommune, at udarbejde en lokalplan.Mit helt konkrete forslag:""Når en ny Lokalplan er udarbejdet og sendes i ""offentlig høring"" og den holder sig indenfor rammerne af den gældende Kommuneplan, kan der ikke gøres indsigelse mod Lokalplanen f.s.v. angår disse forhold.Indsigelse kan alene foretages mod det indhold i Lokalplanen som ikke er i overensstemmelse med rammerne/bestemmelserne i Kommuneplanen. (Alle off. instanser og diverse interesseorganisationer, borgere m.v. skulle jo have fremkommet med deres evt. indsigelser i forbindelse med offentliggørelsen af Kommuneplanen). Først siger de ja og når en masse arbejde er udført, så sige de nej! (hvad foregår der lige...)",Forslag til Planloven - tid til forandring og retfærdighed!,138,13.0,februar,2018,8.0,august,53 days 00:00:00.000000000,1911
21,21,2018-07-29,2018-01-30,"Jeg stiller hermed forslag om at ophævelsen af 45 km/t begænsningen, af 50 cc knallerter/scooterere, ophæves af hensyn til at de skal kunne følge trafikken, og vil forurene mindre hvis denne begrænsning ikke sidder i, i tillæg forslås hermed 2 dages weekend kursus, til indehavere af alm. bilkørekort, som ønsker at føre et 2 hjulet ubegrænset 50 cc køretøj, dette vil øge trafiksikkerheden.",176,"Jeg stiller hermed forslag om at ophævelsen af 45 km/t begænsningen, af 50 cc knallerter/scooterere, ophæves af hensyn til at de skal kunne følge trafikken, og vil forurene mindre hvis denne begrænsning ikke sidder i, i tillæg forslås hermed 2 dages weekend kursus, til indehavere af alm. bilkørekort, som ønsker at føre et 2 hjulet ubegrænset 50 cc køretøj, dette vil øge trafiksikkerheden.",Opæhvelse af begrænsning på 45 knallerter,139,29.0,januar,2018,7.0,juli,68 days 00:00:00.000000000,391
22,22,2018-08-11,2018-02-12,"At arveafgiften (boafgift) afskaffes for nærmeste familie, dvs den nuværende afgift på 15% reduceres til 0 %",11146,"At arveafgiften (boafgift) afskaffes for nærmeste familie, dvs den nuværende afgift på 15% reduceres til 0 %",Arveafgift,146,11.0,februar,2018,8.0,august,55 days 00:00:00.000000000,108
23,23,2018-07-31,2018-02-01,"Råstofudvinding i Øresund forbydes, herunder udvinding af sand, grus, ral og sten samt fyldesand",1367,"Råstofudvinding i Øresund forbydes, herunder udvinding af sand, grus, ral og sten samt fyldesand",Forbud mod råstofudvinding i Øresund,149,31.0,februar,2018,7.0,juli,66 days 00:00:00.000000000,96
24,24,2018-08-12,2018-02-13,"Jeg ønsker, at lovgivningen bliver ændret, så alle, der får et synshandicap, hvor de ikke selv kan færdes, som alle andre under 65 år kan få en ledsagerordning (paragraf 97 i Serviceloven) på femten timer om måneden.",225,"Jeg ønsker, at lovgivningen bliver ændret, så alle, der får et synshandicap, hvor de ikke selv kan færdes, som alle andre under 65 år kan få en ledsagerordning (paragraf 97 i Serviceloven) på femten timer om måneden.Som lovgivningen er i dag, har alle under 65 år, der får et svært synshandicap, så de ikke selv kan færdes, ret til at få femten timers ledsagelse om måneden. Jeg ønsker, at dette udvides til alle uanset alder, der får et synshandicap.At få et meget svært synshandicap er så invaliderende på alle planer, at man bliver meget afhængig af hjælp, hvis man ønsker at leve et aktivt liv.Prøv at tage bind for øjnene en dag fra klokken ni til femten og forestil dig, at du aldrig kan tage det af igen. Så får du en fornemmelse af, hvor lidt du kan foretage dig uden hjælp.Jeg håber, der er mange, der vil stemme for dette forslag - for det kan ramme dig. Forslaget blev allerede bragt op for ti år siden, men Folketinget har alligevel ikke villet vedtage det. Hvorfor?Med venlig hilsenLene Lønborg","Mist ikke synet, hvis du er blevet 65 år, for så får du ingen hjælp!",171,12.0,februar,2018,8.0,august,54 days 00:00:00.000000000,1007
25,25,2018-08-01,2018-02-02,Folketinget pålægger Miljø- og Fødevareministeriet - i BEK nr 1355 af 27/11/2015 og andre relevante sammenhænge - at udbygge mærkningspligten for kødvarer markedsført i Danmark med separat mærkning såfremt de pågældende kødvarer er slagtet i henhold til et religiøst ritual.,1620,Folketinget pålægger Miljø- og Fødevareministeriet - i BEK nr 1355 af 27/11/2015 og andre relevante sammenhænge - at udbygge mærkningspligten for kødvarer markedsført i Danmark med separat mærkning såfremt de pågældende kødvarer er slagtet i henhold til et religiøst ritual.,Forslag om mærkning af kød slagtet i henhold til religiøst ritual!,174,1.0,februar,2018,8.0,august,65 days 00:00:00.000000000,274
26,26,2018-08-08,2018-02-09,Grundlæggende et helt igennem sympatisk forslag – i tråd med andre Europæiske lande:,1295,Grundlæggende et helt igennem sympatisk forslag – i tråd med andre Europæiske lande:Udgangspunktet er at man automatisk er tilmeldt organdonorregisteret ud fra et princip om formodet samtykke. Det skal samtidig være muligt for at framelde sig.,Automatisk tilmelding til organdonation,180,8.0,februar,2018,8.0,august,58 days 00:00:00.000000000,243
27,27,2018-07-31,2018-02-01,Lovforslag.,501,Lovforslag.Forslag om at afskaffe samt ulovliggøre brug af Lægekonsulenter og eksterne aktører i nogen som helst form for sagsbehandlinger.Forbyd ved lovgivning brug af lægekonsulenter og eksterne aktører bør gælde både det Offentlige samt private arbejdsmarked m.v.,Forbyd brug af lægekonsulenter og eksterne aktører.,182,31.0,februar,2018,7.0,juli,66 days 00:00:00.000000000,266
28,28,2018-07-31,2018-02-01,"Ioniserende stråling omfatter bl.a. røntgenstråling og radioaktiv stråling. Lige som elektricitet kan nogle typer af stråling være farlig, mens andre typer er lige så ufarlige som et batteri. I dag afhænger reguleringen af, hvor i industri / samfund strålingen forekommer. I dette forslag opfordrer vi til, at reguleringen af ioniserende stråling bliver ændret, så den afhænger af bølgelængde og styrke frem for, hvilken industri den finder anvendelse i. I dag er der MEGET forskellige regler i fly-industrien, olie-industrien, sundhedssektoren, forskning, landbrug, nuklearforskning og private hjem. Det virker forkert, at f.eks. personalet i et fly må udsættes for 10 og i nogle tilfælde 100 gange så meget stråling som en forsker, der ved, hvad de arbejder med og er uddannet til at tage forholdsregler. ",259,"Ioniserende stråling omfatter bl.a. røntgenstråling og radioaktiv stråling. Lige som elektricitet kan nogle typer af stråling være farlig, mens andre typer er lige så ufarlige som et batteri. I dag afhænger reguleringen af, hvor i industri / samfund strålingen forekommer. I dette forslag opfordrer vi til, at reguleringen af ioniserende stråling bliver ændret, så den afhænger af bølgelængde og styrke frem for, hvilken industri den finder anvendelse i. I dag er der MEGET forskellige regler i fly-industrien, olie-industrien, sundhedssektoren, forskning, landbrug, nuklearforskning og private hjem. Det virker forkert, at f.eks. personalet i et fly må udsættes for 10 og i nogle tilfælde 100 gange så meget stråling som en forsker, der ved, hvad de arbejder med og er uddannet til at tage forholdsregler. Der er en række områder, hvor Dansk lovgivning slet ikke er fulgt med tiden og blevet opdateret i takt med, at man har fået tal for dødeligheden af forskellige strålingstyper. Der bør i første omgang vedtages en lov, som siger, at diverse regulativer af ioniserende stråling skal rettes til, så der er ligestilling mellem alle områder. Hvis en aktør (virksomhed eller privat forening) kan påvise, at der ikke er ligestilling, så skal de pågældende områdeansvarlige ministre nedsætte en arbejdsgruppe, der retter to eller flere regulativer til, så de ligestiller ioniserende stråling på disse områder. Loven skal ligeledes kræve, at der maksimalt går 12 måneder fra en fejl er påpeget, til regulativerne er rettet til.",Ligestilling for ioniserende stråling,188,31.0,februar,2018,7.0,juli,66 days 00:00:00.000000000,1524
29,29,2018-07-31,2018-02-01,"Lægekonsulenter, betalt af kommuner, som bruges i sagsbehandling i kommunerne, skal afskaffes. ",459,"Lægekonsulenter, betalt af kommuner, som bruges i sagsbehandling i kommunerne, skal afskaffes. I stedet bør kommunerne tvinges til at respektere borgernes lægeerklæringer og speciallægeerklæringer, som skal skrives i et sprog, som sagsbehandlerne kan forstå.",Borgerforslag om afskaffelse af lægekonsulenter,190,31.0,februar,2018,7.0,juli,66 days 00:00:00.000000000,258
30,30,2018-07-31,2018-02-01,"En fysisk syg borgers lægeerklæringer og speciallægeerklæringer skal respekteres i jobcentre og kommuner, og borgeren bør ikke sendes til psykiater, hvis borgeren lider af en eller flere dokumenterede fysiske sygdomme.",407,"En fysisk syg borgers lægeerklæringer og speciallægeerklæringer skal respekteres i jobcentre og kommuner, og borgeren bør ikke sendes til psykiater, hvis borgeren lider af en eller flere dokumenterede fysiske sygdomme.",STOP psykiatriseringen af fysisk syge borgere,191,31.0,februar,2018,7.0,juli,66 days 00:00:00.000000000,218
31,31,2018-08-05,2018-02-06,Forslag til indhold af en lov om pilotprojekt om basisindkomst:,970,"Forslag til indhold af en lov om pilotprojekt om basisindkomst:Pilotprojektet bør omfatte en repræsentativ del af befolkningen eks. en provinsby, et større ø-samfund, eller lignende. Pilotprojektet bør indeholde en to-delt basisindkomst. Den ene del, basisdelen, udbetales til alle danske statsborgere. Den anden del, som lægges til basisdelen, udbetales til mennesker med handicaps af forskellig slags, som gør, at de ikke er i stand til at have et arbejde med lønindkomst.Basisindkomst skal ikke beskattes.Pilotprojektet skal blandt andet afdække finansieringsmodeller. Der er et lignende pilotprojekt i gang i øjebikket i Finland. Der kan med fordel undersøges, hvordan dette forløber og eventuelt bruge erfaringer herfra til udformning af det danske pilotprojekt. Det er et andet nordisk land og derfor ikke så langt fra Danmark værdipolitisk og på andre måder.",Etablering af et pilotprojekt i Danmark med formål at undersøge mulighederne for i fremtiden at indføre basisindkomst (borgerløn) for alle.,192,5.0,februar,2018,8.0,august,61 days 00:00:00.000000000,865
32,32,2018-08-07,2018-02-08,Folkeafstemning om fortsat medlemsskab af EU NU.,682,Folkeafstemning om fortsat medlemsskab af EU NU.,Vi har aldrig stemt for EU. Folkeafstemning NU!,193,7.0,februar,2018,8.0,august,59 days 00:00:00.000000000,48
33,33,2018-08-11,2018-02-12,At der indføres et nationalt DNA register for hunde og evt. katte.,63,"At der indføres et nationalt DNA register for hunde og evt. katte.Det kan bl.a. bruges til at verificere ejerne af de hunde hvis efterladenskaber ikke samles op, og derfor ligger overalt i vores byer. Herefter får ejeren tilsendt en bøde.Registret kan også anvendes til registrering af fødsler, og modvirke hundefabrikker.",At der indføres et nationalt DNA register for hunde og katte.,196,11.0,februar,2018,8.0,august,55 days 00:00:00.000000000,322
34,34,2018-08-08,2018-02-09,Dette forslag pålægger folketinget at debattere og ultimativt stille krav til regeringen om at udskrive folkeafstemning vedrørende Danmarks fortsatte deltagelse i EU.,929,Dette forslag pålægger folketinget at debattere og ultimativt stille krav til regeringen om at udskrive folkeafstemning vedrørende Danmarks fortsatte deltagelse i EU.,Dansk udmeldelse af EU,201,8.0,februar,2018,8.0,august,58 days 00:00:00.000000000,166
35,35,2018-08-18,2018-02-19,"Det gøres hermed lovligt for motorcykeliser (herfter MC), at benyttes sig af kørsel mellem rækker (fletning/flette) i trafikken, ved kø og langsomt bevægende trafik på motor-, lande-, hoved-, motortrafikveje, i bymæssig bebyggelse, samt kørsel i busbaner, hvor det kan ske uden fare for andre og sig selv",3549,"Det gøres hermed lovligt for motorcykeliser (herfter MC), at benyttes sig af kørsel mellem rækker (fletning/flette) i trafikken, ved kø og langsomt bevægende trafik på motor-, lande-, hoved-, motortrafikveje, i bymæssig bebyggelse, samt kørsel i busbaner, hvor det kan ske uden fare for andre og sig selv1. Motorcyklister (Herefter MC) kan foretage fletning, ved stationær og langsomt bevægende trafik (langsomt bevægende trafik defineres som max. 80 km/t på motorvej - max 60 km/t ved 80 km/t på motortrafik-, lande-, og hovedveje - max 40 km/t i byen)2. Fletning skal altid ske med en tilpasset hastighed, og ikke over 25 km/t hurtigere end den kørende trafik, på motor-, lande-, motortrafik- og hovedveje. I bymæssig bebyggelse må den tilladte 50 km/t, eller skiltede hastighed ikke overskrides 3. MC må flette, hvis dette sker med 40 km/t eller under på motor- motortrafik- og hovedvej ved stillestående trafik4. MC må kun flette ved kø i bymæssig bebyggelse, og trafiklys hvis dette sker med 25km/t eller under, og den tilladte 50 km/t, eller skiltede hastighed må ikke overskrides5. MC skal overholde alle andre eksisterende færdselslov, når der foretages fletning6. MC må ikke lave fletning ved siden af kantsten der ligger op mod fortov og cykelsti7. Fletning skal altid ske venstre om, eller mellem rækker. Der må ikke køres højre om yderste højre vognbane8. MC skal viser særlig agtpågivenhed tæt på tunge køretøjer eller busser9. MC må ikke flette langs parkerede køretøjer10. MC må kun flette, når dette sker på forsvarlig vis11. Overtrædelse af hastighed straffes med bøde på 2.000 DKR, samt et klip i kørekortet12. Det er ulovligt for MC at flette i skolezoner. En overtrædelse straffes med bøde på 2.000 DKR, samt et klip i kørekorte13. MC skal viser særlig agtpågivenhed for fodgængernes og cykellister i bymæssig bebyggelse14. Det gøres lovligt for MC at benytte busbaner, når dette kan ske uden at være til gene for busser","Ændringsforslag til ændring af færdelsloven hvorved motorcykler tillades at kører mellem trafikken, ved langsom eller stillestående trafik.",209,18.0,februar,2018,8.0,august,48 days 00:00:00.000000000,1940
36,36,2018-08-05,2018-02-06,Udfasning af egenbetalingen til daginstitutioner. Forslaget finansieres med en udfasning af børneydelsen.,74,Udfasning af egenbetalingen til daginstitutioner. Forslaget finansieres med en udfasning af børneydelsen.,Udfasning af egenbetalingen til daginstutioner,224,5.0,februar,2018,8.0,august,61 days 00:00:00.000000000,105
37,37,2018-08-01,2018-02-02,"Er karakterer systemet et godt redskab til, at skolen får kommunikeret til eleven, hvordan han eller hun klarer sig fagligt? NEJ!",119,"Er karakterer systemet et godt redskab til, at skolen får kommunikeret til eleven, hvordan han eller hun klarer sig fagligt? NEJ!Afskaf karaktererne i folkeskolen, gymnasiale uddannelser og andre uddanelses institutter",Afskaffelse af karakterer systemet,226,1.0,februar,2018,8.0,august,65 days 00:00:00.000000000,218
38,38,2018-08-26,2018-02-27,"Alle kommuner skal have deltidsvuggestuer, -dagplejer og -børnehaver, og taksterne skal følge timetallet. Forslag er 25 timer, 35 og så de eksisterende fuldtidspladser.",121,"Alle kommuner skal have deltidsvuggestuer, -dagplejer og -børnehaver, og taksterne skal følge timetallet. Forslag er 25 timer, 35 og så de eksisterende fuldtidspladser.",Deltidsinstitutioner i alle kommuner,251,26.0,februar,2018,8.0,august,40 days 00:00:00.000000000,168
39,39,2018-08-11,2018-02-12,"Langtidsledige, langtidsyge og borgere under længerevarende uddannennelse, har ret til borgerløn uden modkrav.",575,"Langtidsledige, langtidsyge og borgere under længerevarende uddannennelse, har ret til borgerløn uden modkrav.Du er langtidsledig, hvis du har været arbejdsløs mere end 2 år, inden for de sidste 3 år.Du er langtidssyg, hvis du er sygemeldt og været sygemeldt og du har været sygemeldt mere end 21 uger, indenfor det sidste år.Du er under længerevarende uddannelse, hvis du er under uddannelse i mere end to år. Slutter uddannelsen før prøveperiodens udløb, ophører borgerlønnen.Forsøgsperioden skal være fra 01. august 2018 til 31.juli 2022.Du skal være mellem 16-70 år. Være medlem af en fagforening.","Forslag om borgerløn uden modkrav, i en forsøgsordning i 4 år. For langtidsledige, langtidssyge, og borgere under længerevarende uddannelse.",257,11.0,februar,2018,8.0,august,55 days 00:00:00.000000000,601
40,40,2018-08-05,2018-02-06,"Jeg foreslår at man afskaffer hundeloven og at man laver en liste over mere krævende hunderacer i stedet for en liste over forbudte hunderacer, og med hjælp fra hundetrænere og hundepsykologer udvælge de forskellige racer, og tilrettelægger et eller flere forskellige kursuer man skal bestå for at få en af disse racer så man har bevis på at man er duelig som ejer.",1830,"Jeg foreslår at man afskaffer hundeloven og at man laver en liste over mere krævende hunderacer i stedet for en liste over forbudte hunderacer, og med hjælp fra hundetrænere og hundepsykologer udvælge de forskellige racer, og tilrettelægger et eller flere forskellige kursuer man skal bestå for at få en af disse racer så man har bevis på at man er duelig som ejer.",Afskaf eller omform hundeloven!,259,5.0,februar,2018,8.0,august,61 days 00:00:00.000000000,365
41,41,2018-08-08,2018-02-09,"Det er min mening at alle former for valg, det være sig kommunalvalg, folketingsvalg, valg i forhold til EU. Ganske enkelt alle valg, hvor borgerne skal høres, skal foregå online via NEM-ID + CPR-nummer.",175,"Det er min mening at alle former for valg, det være sig kommunalvalg, folketingsvalg, valg i forhold til EU. Ganske enkelt alle valg, hvor borgerne skal høres, skal foregå online via NEM-ID + CPR-nummer.Det kan ikke være rigtig, at vi i disse moderne tider, skal valfarte til et forsamlingshus for at sætte et kryds, når det kan gøres på nogle få minutter.Vi sparer leje af lokaler, trykning og udsendelse af valgkort. Men ikke mindst viser vi, at vi er et moderne samfund, der vil fremad i den tid vi lever i.Det gør også at stemmeprocenten bliver langt større. Det er bare at logge ind på valgsiden og det kan du gøre, uanset om du er på ferie i Spanien, er på arbejde på en boreplatform eller indlagt på sygehuset. Alle kan deltage. Dem der ikke har Internetadgang må så gå på borgerservice, sådan som det er idag. Vi skal have alle med.",Online valg,270,8.0,februar,2018,8.0,august,58 days 00:00:00.000000000,840
42,42,2018-08-20,2018-02-21,Folketinget pålægger regeringen at gennemføre de nødvendige ændringer i lovgivningen og den administrative praksis således:,4770,"Folketinget pålægger regeringen at gennemføre de nødvendige ændringer i lovgivningen og den administrative praksis således:-	at det ikke længere er muligt at søge asyl ved ankomsten til Danmark, når man ikke er statsborger i et af Danmarks nabolande-	at udlændinge, der ulovligt krydser den danske rigsgrænse, kan tilbagevises til det sidste land, de har opholdt sig i, inden ankomsten til Danmark-	at ulovligt indrejste udlændinge kan frihedsberøves, indtil deres indrejsepunkt kan fastlægges og følgelig deporteres til de land, de er indrejst fra.",Stop for adgang til at søge spontan asyl i Danmark,273,20.0,februar,2018,8.0,august,46 days 00:00:00.000000000,549
43,43,2018-08-21,2018-02-22,Foreningen Rimelig-skat opfordrer folketinget til at vedtage 4 skatteregler til at sikre borgernes retssikkerhed på skatteområdet.,100,"Foreningen Rimelig-skat opfordrer folketinget til at vedtage 4 skatteregler til at sikre borgernes retssikkerhed på skatteområdet.· Lov 1 (værnsregel)En værnsregel, der beskytter borgeren mod utilsigtede urimeligheder. (F.eks. beskatning på mere end 100 % eller beskatning af fiktive indtægter)· Lov 2 (uklare regler)En skatteregel der præciserer, at skattemyndighederne og ikke skatteyderen skal bære byrden ved uklare skatteregler.Har flere fortolkninger lige meget for sig, skal SKAT vælge den mindst byrdefulde.· Lov 3 (rimelig bevisbyrde)En skatteregel der understreger, at skatteyderen ikke er underlagt strafferetlige bevisbyrderegler, hvor enhver tvivl skal komme SKAT til gode. Er skatteyderens fakta-forklaringer mere end 50 % sandsynlige, skal de accepteres af myndighederne som korrekte.Mener SKAT ikke, at man når de 50 % sandsynlighed, skal SKAT udarbejde en kort bevisredegørelse efter anerkendt videnskabelig metode, der forklarer hvorfor.· Lov 4 (mere faglighed i klageinstanserne)Det bør præciseres i loven, at minimum eet eksternt retsmedlem i Landsskatteretten skal være decideret skatteekspert og valgt af skatteyderen. Den nye skatteafdeling hos Ombudsmanden skal have minimum 1 skatteekspert.",Sikring af korrekt skattebehandling af borgeren (fremsat af Foreningen Rimelig-skat),277,21.0,februar,2018,8.0,august,45 days 00:00:00.000000000,1215
44,44,2018-08-11,2018-02-12,"Jeg ønsker en fuld legalisering af cannabis i Danmark, for alle personer over 18 år. Denne legalisering skal komme både de rekreative brugere såvel som de mange syge og smerteplagede danskere til gode, for hvem konventionelle lægemidler ikke virker.",8822,"Jeg ønsker en fuld legalisering af cannabis i Danmark, for alle personer over 18 år. Denne legalisering skal komme både de rekreative brugere såvel som de mange syge og smerteplagede danskere til gode, for hvem konventionelle lægemidler ikke virker.",Legalisering cannabis,289,11.0,februar,2018,8.0,august,55 days 00:00:00.000000000,249
45,45,2018-08-08,2018-02-09,Vi skal have genindført revisionspligten for mellemstore og store virksomheder,123,"Vi skal have genindført revisionspligten for mellemstore og store virksomhederDe små virksomheder skal derimod ikke udsættes for den udgift. Her må kontrollen bestå af stikprøver.Små viksomhederer af EU defineret sådan, at en virksomhed tilhører kategorien ""små"", hvis der er under 50 ansatte, og en årlig omsætning eller en samlet årlig balance på ikke over 10 mio. EU",Genindførsel af revisionspligt.,300,8.0,februar,2018,8.0,august,58 days 00:00:00.000000000,369
46,46,2018-08-18,2018-02-19,Forbuddet mod cannabis er baseret på politisk fejlinformation og videnskabelig uredelighed.,1887,"Forbuddet mod cannabis er baseret på politisk fejlinformation og videnskabelig uredelighed.Det er på tide med ny lovgivning til fordel for befolkningen og det danske samfund som i over 50 år nu har lidt under forbuddet mod cannabis. Forbuddet har aldrig hindret adgang til cannabis, forbrug af cannabis eller pris på cannabis. Tværtimod kan skolebørn i dag få leveret cannabis direkte til deres skolegård, det generelle forbrug i Danmark er kun steget og vi har ingen kontrol med kvaliteten eller renheden af hvad der sælges.Med dette forslag skal Folketinget straks sikre ophør af straf for cannabisplanten til eget forbrug og sikre en legalisering for folk over 18 år. Konkrete lovændringer1. Re-klassificering af cannabis. Cannabis rykkes ned fra klasse A, eller fjernes helt. Cannabis klassificeres eventuelt under naturlægemidler. (1).2. Akut afkriminalisering af cannabis til privat forbrug.3. Udtrædelse eller ændring af dansk deltagelse i FN’s Enkeltkonvention (fra 1961). (2).4. Ret for borgere til selv at dyrke cannabis, privat og i større omfang (hvis man har et CVR nummer). Det skal ikke kun være nogle store firmaer der har ret til at dyrke.5. Salg og distribution tillades (hvis man har et CVR nummer).",Borgerforslag om Legalisering af cannabis,306,18.0,februar,2018,8.0,august,48 days 00:00:00.000000000,1218
47,47,2018-08-25,2018-02-26,"Ansvaret for oprensning og afværgeforanstaltninger på stærkt forurenede grunde omfattet af Jordforureningsloven, overgår fra regionerne til staten, i sager hvor afværgeforanstaltninger og/eller oprensning vurderes at overstige 30 mio. kr. ",775,"Ansvaret for oprensning og afværgeforanstaltninger på stærkt forurenede grunde omfattet af Jordforureningsloven, overgår fra regionerne til staten, i sager hvor afværgeforanstaltninger og/eller oprensning vurderes at overstige 30 mio. kr. Staten udarbejder konkret handleplan for oprensning og prioritering af indsatser på de grunde, der bliver omfattet af forslaget.",Oprensning og sikring af stærkt forurenede grunde,345,25.0,februar,2018,8.0,august,41 days 00:00:00.000000000,367
48,48,2018-08-25,2018-02-26,"Afskaffelse af lov om etablering af en ordning for borgerforslag med henblik på behandling i Folketinget, også kendt som LOV nr 1672 af 26/12/2017.",449,"Afskaffelse af lov om etablering af en ordning for borgerforslag med henblik på behandling i Folketinget, også kendt som LOV nr 1672 af 26/12/2017.",Afskaf borgerforslag,346,25.0,februar,2018,8.0,august,41 days 00:00:00.000000000,147
49,49,2018-08-25,2018-02-26,Bortadoptioner skal ikke kunne lade sig gøre uden forældres samtykke.,99,Bortadoptioner skal ikke kunne lade sig gøre uden forældres samtykke.Gør straffeloven gældende for sociallovgivningen. (Så ulovlig sagsbehandling bliver stoppet)Inkoporere børnekonventionen i dansk lovgivning. (Sådan at kommuner/sagsbehandlere kan stilles til ansvar for ikke og overholde den)Børn skal ikke kunne anbringes til de blir 18 år.med mindre forældre samtykker.,Indfør straffeloven på socialområdet,350,25.0,februar,2018,8.0,august,41 days 00:00:00.000000000,372
50,50,2018-08-18,2018-02-19,Folketinget pålægges i forbindelse med medieforliget 2018 forligsparterne at afskaffe medielicensen og medielicensen skal ikke 'omlægges' og indgå via skatteopkrævningen.,1261,Folketinget pålægges i forbindelse med medieforliget 2018 forligsparterne at afskaffe medielicensen og medielicensen skal ikke 'omlægges' og indgå via skatteopkrævningen.,Medielicens afskaffes,362,18.0,februar,2018,8.0,august,48 days 00:00:00.000000000,170
51,51,2018-08-12,2018-02-13,"Region Hovedstaden, 10 kommuner i Storkøbenhavn og staten har planer om, at etablere en letbane fra Lundtofte til Ishøj. ",727,"Region Hovedstaden, 10 kommuner i Storkøbenhavn og staten har planer om, at etablere en letbane fra Lundtofte til Ishøj. Letbanen har et negativt samfundsmæssigt afkast på mere end 8 milliarder i letbanens levetid, og vil koster borgerne velfærd og skatteforhøjelser. Store dele af byerne langs letbanen vil blive ødelagt og gøre det sværer for andre trafikformer at komme frem. Vi ønsker derfor, at Folketinget debattere anlægsloven og letbanen påny og stopper alle planer om en letbane fra Lundtofte til Ishøj. Vi ønsker i stedet man satser på en hurtigbus.",Stop Hovedstadens Letbane,381,12.0,februar,2018,8.0,august,54 days 00:00:00.000000000,559
52,52,2018-08-29,2018-03-02,"Danskere tvinges pt. til at afmelde uønskede reklamer og ugeaviser. Dette via PostNords ""Reklamer Nej tak"" ordning, hvortil de sendes et ”Nej tak mærke” med posten, som de kan sætte på deres postkasse. Systemet er vendt på hovedet. Der burde i stedet være tale om en tilmeldningsordning, hvor folk kan sige til, såfremt de ønsker reklamer.",773,"Danskere tvinges pt. til at afmelde uønskede reklamer og ugeaviser. Dette via PostNords ""Reklamer Nej tak"" ordning, hvortil de sendes et ”Nej tak mærke” med posten, som de kan sætte på deres postkasse. Systemet er vendt på hovedet. Der burde i stedet være tale om en tilmeldningsordning, hvor folk kan sige til, såfremt de ønsker reklamer.",Reklamer Nej Tak ➝ Reklamer Ja Tak,385,29.0,marts,2018,8.0,august,37 days 00:00:00.000000000,339
53,53,2018-08-29,2018-03-02,"Patientforeningen Organdonation - ja tak! foreslår, at vi indfører formodet samtykke i Danmark, så man automatisk er organdonor, når man fylder 18 år. ",10316,"Patientforeningen Organdonation - ja tak! foreslår, at vi indfører formodet samtykke i Danmark, så man automatisk er organdonor, når man fylder 18 år. Et massivt flertal af danskerne (90%) går ind for organdonation, men kun 22% af danskerne over 18 år har registreret deres holdning i det nationale donorregister. Ud fra et demokratisk synspunkt burde vi derfor indføre formodet samtykke.Ved indførelse af formodet samtykke skal donorregistret bevares, så man stadig selv aktivt kan til- eller framelde sig som organdonor.",Automatisk organdonor fra man fylder 18 år,410,29.0,marts,2018,8.0,august,37 days 00:00:00.000000000,522
54,54,2018-08-29,2018-03-02,"Det bør forbydes at markedsføre noget som er betalt af skatteyderne som ""gratis"" medmindre det rent faktisk ER gratis, hvilket vil sige totalt omkostningsfrit for stat, kommune eller region. .",57,"Det bør forbydes at markedsføre noget som er betalt af skatteyderne som ""gratis"" medmindre det rent faktisk ER gratis, hvilket vil sige totalt omkostningsfrit for stat, kommune eller region. .","Forbyd at markedsføre noget som ""gratis"" i politisk sammenhæng",413,29.0,marts,2018,8.0,august,37 days 00:00:00.000000000,192
55,55,2018-08-21,2018-02-22,"Det er især byggelovens §22, stk. 3, som skal ændres. Ændringen skal bestå i, at kommunen SKAL meddele dispensation til at opføre eller ombygge en garage til en boligenhed. Naboer skal stadig kunne gøre indsigelser inden den endelige tilladelse gives, som nævnt i stk.2. Det skal dog med i lovteksten, at kommunen skal bestræbe sig bedst muligt på at en tilladelse gives. Kommunen bør endog foreslå et muligt kompromis, som alle kan leve med.",25,"Det er især byggelovens §22, stk. 3, som skal ændres. Ændringen skal bestå i, at kommunen SKAL meddele dispensation til at opføre eller ombygge en garage til en boligenhed. Naboer skal stadig kunne gøre indsigelser inden den endelige tilladelse gives, som nævnt i stk.2. Det skal dog med i lovteksten, at kommunen skal bestræbe sig bedst muligt på at en tilladelse gives. Kommunen bør endog foreslå et muligt kompromis, som alle kan leve med.Der er tale om opførelse eller ombygning af en højest 50 kvm. garage i jordareal til en boligenhed. Der må kun opføres eller ombygges én sådan garage til en boligenhed pr. parcel. Opføres yderligere en ny garage, skal denne forblive som en garage. Bebyggelsesprocenten skal der dispenseres for, hvis formålet er, at mindske efterspørgslen efter en billig lejebolig samt at støtte husejeren til en mindre belastende økonomi.Kommunen bør udfærdige en standardiseret vejledning om mindstekrav, herunder om toilet- og afløbsforhold, oplukkelige vinduer, klimaskærm, brandtekniske foranstaltninger mv., suppleret med typiske eksempler til ansøgeren for at fremme arbejdet bedst muligt.",Forslag om ombygning af garager mv. til små boligenheder,420,21.0,februar,2018,8.0,august,45 days 00:00:00.000000000,1122
56,56,2018-08-29,2018-03-02,"Ud over de i forvejen gældende regler/loven om tildeling af statsborgerskab, herunder danskkundskaber og indfødsretsprøve, skal enhver, der ønsker dansk statsborgerskab, skrive under på en erklæring om at Grundloven og det Danske Demokrati står over alle andre former for love og regler, herunder kulturelle, religiøse.",124,"Ud over de i forvejen gældende regler/loven om tildeling af statsborgerskab, herunder danskkundskaber og indfødsretsprøve, skal enhver, der ønsker dansk statsborgerskab, skrive under på en erklæring om at Grundloven og det Danske Demokrati står over alle andre former for love og regler, herunder kulturelle, religiøse.For at kunne tildeles statsborgerskab, skal man have haft en ren straffeattest i mindst 5 år, man skal ligeledes have boet i Danmark i mindst 10 år, og ikke modtaget offentlige ydelser i en tilsvarende periode. Man erklærer med sin underskrift, at man vil overholde Det Danske Riges Grundlov og, at man vil beskytte Danmark mod såvel interne som udefrakommende fjender af landet. Enhver handling man fortager sig mod Grundloven, Demokratiet eller Det Danske Folks interesser vil betyde øjeblikkelig fratagelse af statsborgerskab, og straffes jævnfør lovgivningen. Vil man ikke skrive under på denne erklæring, kan man ikke tildeles statsborgerskab",Erklæring om troskab i.f.m. statsborgerskab,430,29.0,marts,2018,8.0,august,37 days 00:00:00.000000000,966
57,57,2018-08-21,2018-02-22,"Jeg foreslår, at mandlig sterilisation forbydes, idet operationen invaliderer ellers raske mænd.",20,"Jeg foreslår, at mandlig sterilisation forbydes, idet operationen invaliderer ellers raske mænd.",Forbyd mandlig sterilisation.,431,21.0,februar,2018,8.0,august,45 days 00:00:00.000000000,96
58,58,2018-08-21,2018-02-22,"Med forslaget pålægges regeringen inden udgangen af folketingsåret 2018 at fremsætte konkrete supplerende-/ændringsforslag til gældende regler, som skal sikrer, at det vil fremgå af relevante love og bekendtgørelser, at modregningen i pensionstillægget, omtalt som samspilsproblemet, højest kan andrage det halve af de nuværende procentsatser angivet i LBK nr. 1208 af 17/11/2017 (Gældende), § 31. Stk. 1. og Stk. 2. og dermed som minimum gennemfører en halvering af de nuværende procentsatser for modregning samt at der gennemføres en væsentlig forhøjelse af de tilladte indtægtsgrænser der er bestemmende for hvornår modregning træder i kraft, herunder en fordobling af det nuværende beløb på 142.800.",194,"Med forslaget pålægges regeringen inden udgangen af folketingsåret 2018 at fremsætte konkrete supplerende-/ændringsforslag til gældende regler, som skal sikrer, at det vil fremgå af relevante love og bekendtgørelser, at modregningen i pensionstillægget, omtalt som samspilsproblemet, højest kan andrage det halve af de nuværende procentsatser angivet i LBK nr. 1208 af 17/11/2017 (Gældende), § 31. Stk. 1. og Stk. 2. og dermed som minimum gennemfører en halvering af de nuværende procentsatser for modregning samt at der gennemføres en væsentlig forhøjelse af de tilladte indtægtsgrænser der er bestemmende for hvornår modregning træder i kraft, herunder en fordobling af det nuværende beløb på 142.800.Med forslaget pålægges regeringen ligeledes inden udgangen af folketingsåret 2018 at fremsætte konkrete supplerende-/ændringsforslag til gældende regler, som skal sikrer, at den automatiske regulering af overførselsindkomsterne igen følger den gennemsnitlige lønudvikling på arbejdsmarkedet og at pengene til Satspuljen ikke kan tages fra den automatiske regulering af overførselsindkomsterne, der bevirker at overførselsindkomsterne for nuværende stiger 0,3 pct mindre end den gennemsnitlige lønudvikling på arbejdsmarkedet.",Forslag til folketingsbeslutning om halvering af modregning i pensionstillæg – ”Samspilsproblemet” samt ændring vedrørende Satspuljen.,444,21.0,februar,2018,8.0,august,45 days 00:00:00.000000000,1228
59,59,2018-09-05,2018-03-09,"Jeg foreslår, at det skal være ved lov, at a-kassen ikke kan smide et medlem ud, når denne kommer i pensionsalderen, hvis vedkommende er i arbejde. Hvis denne herefter mister sit arbejde, skal det muligvis være muligt for a-kassen at melde personen ud efter 2 år, hvis medlemmet ikke har fået arbejde igen.",63,"Jeg foreslår, at det skal være ved lov, at a-kassen ikke kan smide et medlem ud, når denne kommer i pensionsalderen, hvis vedkommende er i arbejde. Hvis denne herefter mister sit arbejde, skal det muligvis være muligt for a-kassen at melde personen ud efter 2 år, hvis medlemmet ikke har fået arbejde igen.",A-kassers ret til at tvangsudmelde medlemmer bør forbydes.,448,5.0,marts,2018,9.0,september,30 days 00:00:00.000000000,306
60,60,2018-09-05,2018-03-09,"I dag er vi alle tvunget, til at have vores nem-konto i en privat bank. Dog kan vi selv vælge hvilken bank, men vilkårene er næsten de samme.",760,"I dag er vi alle tvunget, til at have vores nem-konto i en privat bank. Dog kan vi selv vælge hvilken bank, men vilkårene er næsten de samme.Vi vil adskille bankforretning og spekulation, så befolkningen har et alternativ, og ikke er tvunget til at risikere et tab af midler pga. bankernes spekulation. Vi mener, at befolkningen har krav på et ”gratis” alternativ til deres nem-konto. En konto uden renter og gebyrer. Det digitaliserede samfund kræver, at vi har en nem-konto. Derfor skal der selvfølgelig også være et ""gratis"" alternativ.En folkeejet statsbank!”Banken” behøver udelukkende at være digital, hvor alle cpr-numre/cvr-numre kan have deres nem-konto, med netbank, med log-in via nem-id. Der skal selvfølgelig også laves løsninger på kontantindbetalinger, så virksomheder også finder skiftet nemt og godt. Dette kan administreres af finansministeriet. Her skal det være muligt, at være kunde som privat person, forening, virksomhed osv.Det skal forbydes ved lov, at masse-overvåge befolkningens købemønstre på nogen måde!Den folkeejede statsbank bør omfatte: Nem-konto, netbank, pensionsopsparing, børneopsparing, betalingsservice og fysiske hævekort, hvis kunden ønsker dette.Hvis de private banker ikke vil samarbejde med statsbankens bankkort, opsættes hæveautomater til kontante ind- og udbetalinger.- Eller vedtage et kontant-samarbejde ved lov.Alle services skal være ”gratis” for alle kunder, som kan være alle danske cpr-numre og cvr-numre.Det digitale samfund udfaser kontanter. Statsbanken skal garantere, at man altid kan hæve kontanter.Statsbanken skal fritages for gebyrer til Nets, da der kun er kunderne til at betale, og denne udgift ikke skal lægges over på skatten. Nets' monopol bør flyttes til Statsbanken, så en privat virksomhed ikke tjener milliarder på elektroniske overførsler. En evt. indkomst på dette, bør tilfalde Statsbanken, og komme kunderne/borgerne til gode.",Et statsligt alternativ til de private banker - en Statsbank,449,5.0,marts,2018,9.0,september,30 days 00:00:00.000000000,1904
61,61,2018-08-29,2018-03-02,"Vi ønsker at indføre et forbud mod kritikken af den danske folkekirke, der næsten altid er baseret på et uoplyst grundlag. Denne kritik ser man for ofte i de landsdækkende medier.",8,"Vi ønsker at indføre et forbud mod kritikken af den danske folkekirke, der næsten altid er baseret på et uoplyst grundlag. Denne kritik ser man for ofte i de landsdækkende medier.",Forbyd kritik af folkekirken,455,29.0,marts,2018,8.0,august,37 days 00:00:00.000000000,179
62,62,2018-08-25,2018-02-26,Hjerter Dame.,43,"Hjerter Dame.Denne politiske lovændring til høring i folketinget skal sikre pædofiles overgreb, og forsøg på overgreb mod mindre årige.Lovforslagene:Hvis man dømmes for pædofili, eller anden straf mod mindre årige, skal den forurettet tilkendes en erstatning vurderet af en dommer efter sagens omstændigheder og sagens karakter/alvor, og den dømte skal tvang steriliseres, så man på denne måde bremser, hindrer eller nedsætter deres seksuelle indre drive, lyster og liderlighed, og livslang behandling for at hindrer fremtidige lyster.Der skal på alle chat rooms oprettes en profil, således at hvis man føler sig krænket, finder noget stødende, bliver tilbudt noget af seksuel karakter, kan man finde brugeren af profilen. Dette vil give et mere sikkert og trygt miljø især de unge kan færdes i.",HJERTER DAME vil ændrer loven ved seksuelle overgreb på mindreårige.,456,25.0,februar,2018,8.0,august,41 days 00:00:00.000000000,795
63,63,2018-09-08,2018-03-12,Lovforslagene:,273,Lovforslagene:Gratis medicin til kroniske lidelser og ved længere varende sygdomsforløb.Gratis briller til alle ved behov.Gratis tandlæge til alle.,UDVIDET DÆKNING AF SYGESIKRINGEN.,457,8.0,marts,2018,9.0,september,27 days 00:00:00.000000000,147
64,64,2018-09-08,2018-03-12,Alle pelsfarme skal være udfaset senest 1. Januar 2023 uden mulighed for genåbning eller opstart af ny pelsfarm.,765,Alle pelsfarme skal være udfaset senest 1. Januar 2023 uden mulighed for genåbning eller opstart af ny pelsfarm.,Alle pelsfarme skal lukkes i Danmark,461,8.0,marts,2018,9.0,september,27 days 00:00:00.000000000,112
65,65,2018-09-08,2018-03-12,"""Det skal ikke være lovligt at importere pels fra dyr til Danmark, hverken som privat eller virksomhed.”",386,"""Det skal ikke være lovligt at importere pels fra dyr til Danmark, hverken som privat eller virksomhed.”""Det skal ikke være lovligt for virksomheder eller private at sælge pels fra dyr i Danmark""",Forbyde alt salg og import af pels fra dyr,462,8.0,marts,2018,9.0,september,27 days 00:00:00.000000000,195
66,66,2018-09-08,2018-03-12,Forbyd alle reklamer for spil på tv og radio.,439,Forbyd alle reklamer for spil på tv og radio.,Forbyd reklamer for spil,479,8.0,marts,2018,9.0,september,27 days 00:00:00.000000000,45
67,67,2018-09-11,2018-03-15,Der skal rettes op på den skævhed med manglende fremskrivning af folkepensionen. I fremtiden skal folkepensionen fremskrives 100%.,225,Der skal rettes op på den skævhed med manglende fremskrivning af folkepensionen. I fremtiden skal folkepensionen fremskrives 100%.Midlerne til satspuljnerne skal fremover finaiseres af finasloven.,Folkepensionisters købekraft skal sikres.,485,11.0,marts,2018,9.0,september,24 days 00:00:00.000000000,196
68,68,2018-09-15,2018-03-19,Jernbane loven §33 og generelt ekspropriation samt erstatning skal gøres mere lempelig så den enkelte borger ikke bliver økonomisk eller følelsesmæssig mere belastede end højst nødvendigt.,175,Jernbane loven §33 og generelt ekspropriation samt erstatning skal gøres mere lempelig så den enkelte borger ikke bliver økonomisk eller følelsesmæssig mere belastede end højst nødvendigt.,Ekspropriation og erstatning,494,15.0,marts,2018,9.0,september,20 days 00:00:00.000000000,188
69,69,2018-09-15,2018-03-19,Vi må afskaffer alle regler om gensidig forsørgerpligt således at en person uanset om de er gift eller ej altid kan modtage kontanthjælp uanset hvad deres partner eventuelt måtte tjene.,563,Vi må afskaffer alle regler om gensidig forsørgerpligt således at en person uanset om de er gift eller ej altid kan modtage kontanthjælp uanset hvad deres partner eventuelt måtte tjene.,Afskaf Gensidig forsøgerpligt,496,15.0,marts,2018,9.0,september,20 days 00:00:00.000000000,185
70,70,2018-09-08,2018-03-12,Konkurrencekommisær Margrethe Vestager bør genudnævnes til konkurrencekommisær for en ny 5 årig periode.,135,Konkurrencekommisær Margrethe Vestager bør genudnævnes til konkurrencekommisær for en ny 5 årig periode.,5 ÅR MERE TIL MARGRETHE VESTAGER,508,8.0,marts,2018,9.0,september,27 days 00:00:00.000000000,104
71,71,2018-09-08,2018-03-12,Folkepensionens grundbeløb (2018 Pr. md. 6.237 kr.) gøres skattefrit. Folkepensionens grundbeløb og tillæg reguleres fremover i forhold til den gennemsnitlige lønudvikling på arbejdsmarkedet.,1265,Folkepensionens grundbeløb (2018 Pr. md. 6.237 kr.) gøres skattefrit. Folkepensionens grundbeløb og tillæg reguleres fremover i forhold til den gennemsnitlige lønudvikling på arbejdsmarkedet.,Folkepensionisterne svigtes af Folketinget.,510,8.0,marts,2018,9.0,september,27 days 00:00:00.000000000,191
72,72,2018-09-08,2018-03-12,"Gennem årene er der eksempler på, at kriminaliteten i særligt velstillede boligområder er blusset op i form af økonomisk kriminalitet, så trygheden og sikkerheden for beboere og andre, der lever i kongeriget Danmark, har lidt skade. Udviklingen har medført at der er en dalende tillid til samfundets fællesskab og at samfundet har lidt betydelige økonomiske tab.",201,"Gennem årene er der eksempler på, at kriminaliteten i særligt velstillede boligområder er blusset op i form af økonomisk kriminalitet, så trygheden og sikkerheden for beboere og andre, der lever i kongeriget Danmark, har lidt skade. Udviklingen har medført at der er en dalende tillid til samfundets fællesskab og at samfundet har lidt betydelige økonomiske tab.Det er helt centralt, at samfundet kommer en sådan opblussen af kriminalitet hurtigt til livs, fordi det kan sætte sit præg på Kongeriget i meget lang tid og give landet et dårligt ry. Det kan betyde, at ressourcestærke borgere ikke ønsker at bidrage til samfundet.Vi foreslår:En ordning, der giver bagmandspolitiet mulighed for at udpege særlige kriminalitets- og tillidsplagede områder, hvor straffen for visse økonomiske kriminalitetsformer i en periode skærpes markant (skærpet strafzone) En ordning, der giver bagmandspolitiet mulighed for at udpege særlige kriminalitets- og tillidsplagede områder, hvor straffen for visse økonomiske kriminalitetsformer i en periode skærpes markant (skærpet strafzone). Initiativet betyder, at straffen for eksempelvis skattesvig, underslæb og konkursrytteri stiger markant inden for den skærpede strafzone. Der lægges som udgangspunkt op til en fordobling af straffen, mens straffen for visse kriminalitetsformer med en i forvejen høj straf vil stige med en tredjedel. Derudover vil visse overtrædelser, der i dag straffes med bøde, i gentagelsestilfælde kunne straffes med fængsel, når overtrædelsen er begået i en skærpet strafzone. Kriminalitetsformer som omfattes:Skattesvig og herunder anvendelse af skattelyUnderslæbKursmanipulationKonkursrytteriInsiderhandlerKorruptionBestikkelseBedrageriMandatsvig SkyldnersvigÅgerHæleriRufferi Ulovlig omgang med hittegodsSort arbejdeUdnyttelse af au pair-ordning til billig arbejdskraft",Højere straffe i bestemte områder - skærpet strafzone for økonomisk kriminalitet,520,8.0,marts,2018,9.0,september,27 days 00:00:00.000000000,1833
73,73,2018-09-17,2018-03-21,"Der stilles borgerforslag om opdatering af cpr. med information om barnets forældre, så begge forældre kan modtage offentlig digital post om deres barn på samme tid og med samme metode. ",1261,"Der stilles borgerforslag om opdatering af cpr. med information om barnets forældre, så begge forældre kan modtage offentlig digital post om deres barn på samme tid og med samme metode. Det er i dag et data problem, som stopper den digitale post til begge forældre og ministerierne har på trods af gentagne anmodninger fortsat ikke sikret denne lovmæssige ret for alle forældre. Der kan ikke i Danmark laves en liste over orienteringsret og forældremyndighed for alle børn under 18 år på grund af den manglende data i cpr, hvilket forslaget skal sikre. Forslaget må anses at betyde store samfundsøkonomiske besparelser og lettere arbejdsgange i kommuner, regioner og hos staten foruden at medføre stor borgertilfredshed for forældrene.",Borgerforslag - Digital post til begge forældre,535,17.0,marts,2018,9.0,september,18 days 00:00:00.000000000,735
74,74,2018-09-08,2018-03-12,"Der stilles forslag om 3 måneders barsel for børn med begge forældre, indført som et kompromis forslag. ",704,"Der stilles forslag om 3 måneders barsel for børn med begge forældre, indført som et kompromis forslag. Fars 14 dages øremærkede barsel udvides til 2 måneder af forældrekvoten og staten udvider barselsperioden med 1 måned til far, således at barnet opnår 3 måneders barsel med begge forældre. De nordiske erfaringer viser at fædrebarslen herved bliver afholdt og der er tale om et fornuftigt kompromis i forhold til tidligere fremsatte barselsmodeller for familierne. Fædrebarsel er formentlig en af de bedste samfundsinvesteringer vi kan lave. Det er sundt for barnet, der oplever begge forældres kærlighed, omsorg, tryghed og tilknytning fra livets start. Det er sundt for parforholdet, fordi forældrene samarbejder og kommunikerer bedre om børnene i alle moderne familieformer. Det har positiv effekt for kvindernes lige muligheder på arbejdsmarkedet, mændenes lige muligheder i familielivet, den almene folkesundhed samt giver samfundsøkonomiske besparelser på socialområdet. Hertil kommer at danske virksomheder vil opleve et højere kompetenceniveau, når mænd og kvinder har et reelt frit valg i arbejds- og familielivet.",Borgerforslag - fædrebarsel,536,8.0,marts,2018,9.0,september,27 days 00:00:00.000000000,1126
75,75,2018-09-08,2018-03-12,"Alle borgere i Kongeriget Danmark skal gennemgå 8 timers førstehjælpskursus (gratis) mindst hver andet år. Førstehjælpsunderviserene vil være frivillige, men hvis der ikke er nok frivillige skal kommunerne stille videnspersoner til rådighed.",77,"Alle borgere i Kongeriget Danmark skal gennemgå 8 timers førstehjælpskursus (gratis) mindst hver andet år. Førstehjælpsunderviserene vil være frivillige, men hvis der ikke er nok frivillige skal kommunerne stille videnspersoner til rådighed.",Førstehjælpskursus mindst hver andet år,542,8.0,marts,2018,9.0,september,27 days 00:00:00.000000000,241
76,76,2018-09-19,2018-03-23,"Folketinget pålægger regeringen at fremsætte lovforslag om, at der i vuggestuer ( for børn 0-3 år ) skal være mindst en fuldtidsansat pædagogisk medarbejder pr. 3 børn og i børnehaver ( for børn fra 3 år til start i bh.klasse ) skal være mindst en fuldtidsansat pædagogisk medarbejder pr. 6 børn i det direkte arbejde med børnene, samt et vist antal medarbejdere i ydertimerne.",3803,"Folketinget pålægger regeringen at fremsætte lovforslag om, at der i vuggestuer ( for børn 0-3 år ) skal være mindst en fuldtidsansat pædagogisk medarbejder pr. 3 børn og i børnehaver ( for børn fra 3 år til start i bh.klasse ) skal være mindst en fuldtidsansat pædagogisk medarbejder pr. 6 børn i det direkte arbejde med børnene, samt et vist antal medarbejdere i ydertimerne.",Minimumsnormeringer i daginstitutioner,564,19.0,marts,2018,9.0,september,16 days 00:00:00.000000000,377
77,77,2018-09-30,2018-04-03,"Det foreslås hermed at Ankestyrelsen får mulighed for, og bliver pålagt, at indføre sanktioner overfor kommuner, myndigheder og forvaltninger der ikke efterlever Ankestyrelsens vurdering af en klagesag. ",765,"Det foreslås hermed at Ankestyrelsen får mulighed for, og bliver pålagt, at indføre sanktioner overfor kommuner, myndigheder og forvaltninger der ikke efterlever Ankestyrelsens vurdering af en klagesag. Efterlevelse bør ske indenfor rimelig tid, og senest 4 uger efter modtagelsen af Ankestyrelsens afgørelse. Ligeledes foreslås det at der indføres sanktioner overfor kommuner og øvrige myndigheder, der får særligt mange sager hjemsendt eller omgjort.Sanktionen kan for eksempel være en bøde til pågældende forvaltning eller myndighed, svarende til det dobbelte beløb af det der spares ved at undlade at efterleve Ankestyrelsens vurdering. Ved sager, hvor det ikke er muligt at fastsætte myndighedens besparelse, foreslås en bødestørrelse på 50.000 kr, som fordobles ved gentagelse i samme sag.",Ankestyrelsens muligheder for at sanktionere myndigheder og forvaltninger.,574,30.0,april,2018,9.0,september,5 days 00:00:00.000000000,795
78,78,2018-09-11,2018-03-15,"Vi ønsker et register for kviklån, som fungerer som ROFUS. (Register over frivilligt udelukkede spillere).",87,"Vi ønsker et register for kviklån, som fungerer som ROFUS. (Register over frivilligt udelukkede spillere).Således vil man blive blacklistet hos alle udbydere, så man ikke som idag skal skrive til udbyderne hver især. Kviklån er desuden alt for nemme at optage.",Register over frivilligt blacklistede personer hos kviklånsudbydere.,588,11.0,marts,2018,9.0,september,24 days 00:00:00.000000000,260
79,79,2018-09-11,2018-03-15,"Når det offentlige område rammes af konflikt sparer arbejdsgiverne penge til løn, mens borgere oplever dårligere offentlig service og de offentligt ansatte mister deres lønindtægt. Vi foreslår Folketinget opretter en velfærdspulje, så de sparede lønudgifter i forbindelse med strejke og lockout på statslige, kommunale og regionale arbejdspladser, bliver ført tilbage til de arbejdspladser, der er ramt af konflikt.",39414,"Når det offentlige område rammes af konflikt sparer arbejdsgiverne penge til løn, mens borgere oplever dårligere offentlig service og de offentligt ansatte mister deres lønindtægt. Vi foreslår Folketinget opretter en velfærdspulje, så de sparede lønudgifter i forbindelse med strejke og lockout på statslige, kommunale og regionale arbejdspladser, bliver ført tilbage til de arbejdspladser, der er ramt af konflikt.",Send konfliktpengene tilbage til velfærden,598,11.0,marts,2018,9.0,september,24 days 00:00:00.000000000,415
80,80,2018-10-03,2018-04-06,"Forslag: 100% Afkriminalisering af cannabis ønskes for det enkelte menneske som eget valg i livet, for helbred, såvel som hyggen og en 100% Afkriminalisering til industrien som kan lave varer ud fra hamp. ",22,"Forslag: 100% Afkriminalisering af cannabis ønskes for det enkelte menneske som eget valg i livet, for helbred, såvel som hyggen og en 100% Afkriminalisering til industrien som kan lave varer ud fra hamp. Forslag: At det enkelte mennesker der vælger enten de helbredsmæssige fordele, eller hyggen, må dyrke sine egne hamp planter selv.Forslag: Er der folk der skal sælge ud, skal det der sælges ud være kontrolleret af sikkerhed for forbruger.",Afkriminalisering af cannabis for alle,602,3.0,april,2018,10.0,oktober,2 days 00:00:00.000000000,443
81,81,2018-09-30,2018-04-03,"Forslaget er at man kan registerere sin samværs aftale, enten igennem statsamt, digitalt eller via en anden instans der så beregner behovet.",11,"Forslaget er at man kan registerere sin samværs aftale, enten igennem statsamt, digitalt eller via en anden instans der så beregner behovet.Derefter får man et klipkort på månedsbasis, som der er en begrænset betaling for. Pendlere har en klippekorts ordning nu.Derved så vil rekreative ture stadig skulle betales fuld pris for, hvilket er helt rimeligt, da ønsket ikke er at stille forældre i denne situation bedre end andre, men ligestillet.",Forældre med delebørn på den anden side af Øresund eller Storebælt kan køre billigere over broerne ved samvær.,612,30.0,april,2018,9.0,september,5 days 00:00:00.000000000,443
82,82,2018-09-19,2018-03-23,Det foreslås at afskaffe ministerbiler.,408,Det foreslås at afskaffe ministerbiler.,Afskaffelse af ministerbiler,613,19.0,marts,2018,9.0,september,16 days 00:00:00.000000000,39
83,83,2018-09-19,2018-03-23,"Det foreslås at udbetaling af løn / vederlag for medlemskab af folketinget ikke kan overstige den løn der udbetales til en gennemsnitlig offentlig ansat, samt at der maksimalt kan udbetales et ekstra vederlag svarende til 10.000 kroner om måneden for at være minister. Lønudviklingen for folketingsmedlemmer må aldrig overstige lønudviklingen i de offentlige overenskomster.",1325,"Det foreslås at udbetaling af løn / vederlag for medlemskab af folketinget ikke kan overstige den løn der udbetales til en gennemsnitlig offentlig ansat, samt at der maksimalt kan udbetales et ekstra vederlag svarende til 10.000 kroner om måneden for at være minister. Lønudviklingen for folketingsmedlemmer må aldrig overstige lønudviklingen i de offentlige overenskomster.",Aflønning af folketingest medlemmer samt regeringens ministre.,614,19.0,marts,2018,9.0,september,16 days 00:00:00.000000000,374
84,84,,2018-03-23,Det foreslås at særlige pensionsvilkår for medlemmer af folketinget afskaffes så pensionsvilkår følger pædagogernes overenskomst.,66254,Det foreslås at særlige pensionsvilkår for medlemmer af folketinget afskaffes så pensionsvilkår følger pædagogernes overenskomst.,Afskaffelse af ministerpension og pension til ministerbørn,616,,marts,NaN,,,16 days 00:00:00.000000000,129
85,85,2018-09-17,2018-03-21,Folketinget opfordres til at behandle dette forslag:,343,"Folketinget opfordres til at behandle dette forslag:Regeringen pålægges snarest muligt at fremsætte et lovforslag, der sikrer:•	At opsparede lønmidler fra stat, regioner og kommuner under en evt. konflikt på det offentlige arbejdsmarked afleveres til SKAT.•	At konfliktmidler indbetalt til SKAT båndlægges og tilbagebetales til skatteyderne i form af et ekstraordinært fradrag i alle borgeres indkomstbeskatning det efterfølgende år.",Balance i Den Danske Model,626,17.0,marts,2018,9.0,september,18 days 00:00:00.000000000,433
86,86,2018-09-17,2018-03-21,"Forslagsstillerne opfordrer regeringen til snarest muligt at fremsætte et lovforslag, som forlænger reklamationsretten fra de nuværende 2 år til i alt 4 år for alle produkter, der forventes at holde væsentlig længere ved almindelig brug.",379,"Forslagsstillerne opfordrer regeringen til snarest muligt at fremsætte et lovforslag, som forlænger reklamationsretten fra de nuværende 2 år til i alt 4 år for alle produkter, der forventes at holde væsentlig længere ved almindelig brug.",Forslag om at hæve reklamationsretten til 4 år,635,17.0,marts,2018,9.0,september,18 days 00:00:00.000000000,237
87,87,2018-09-30,2018-04-03,Den offentlige sagsbehandling og sociale sikring af borgere med dokumenteret sygdom og deraf følgende nedsat funktionsniveau bør flyttes over i social- og sundhedspolitikkens resort. ,1581,"Den offentlige sagsbehandling og sociale sikring af borgere med dokumenteret sygdom og deraf følgende nedsat funktionsniveau bør flyttes over i social- og sundhedspolitikkens resort. Sagsbehandlingen skal anerkende dem som værende syge og respektere deres helbredsmæssige begrænsninger, herunder tage værdige hensyn til deres helbredsproblemer og andre hermed relaterede omstændigheder, som påvirker funktionsevnen. Det indebærer, at lovgivningen skal genindføre anerkendelse af den lægefaglige dokumentation fra patientens egne læger og af lægernes faglige skøn som en afgørende og helt central del af sagsbehandlingen og arbejdet med at hjælpe syge på kanten af arbejdsmarkedet. De læge- og sundhedsfaglige skøn fra patientens egne læger skal gives forrang over beskæftigelsespolitiske prioriteringer og have størst vægt i den samlede politik og forvaltning. Andenhåndsvurderinger gjort af læger, der som konsulenter for kommunen alene udøver deres skøn på baggrund af de vurderinger, der er gjort af de læger, der har undersøgt borgeren, må aldrig have forrang i forhold til de vurderinger, der er gjort af læger, der faktisk har undersøgt borgerne og kender deres historie.",Syge skal ud af beskæftigelsespolitikken,638,30.0,april,2018,9.0,september,5 days 00:00:00.000000000,1177
88,88,2018-10-01,2018-04-04,"Vi vil herved foreslå at sagsbehandlere skal være en del af Lov om autorisation, således at de kan straffes for at lave fejl i deres arbejde, ligeså vel andre som arbejder i andre faggrupper, også er det. Det kan være fejl som kan modbevises ved hjælp af konkrete videoer og dokumenter lavet af andre fagpersoner som psykologer, læger mv. Det skal være således at sagsbehandlere som laver disse fejl, skal kunne straffes med alvorlige store bøder svarende til 3 måneders fuldtidsløn for den første forseelse og hvorefter bøderne kan fordobles pr. gang at fejlene gentager sig.",112,"Vi vil herved foreslå at sagsbehandlere skal være en del af Lov om autorisation, således at de kan straffes for at lave fejl i deres arbejde, ligeså vel andre som arbejder i andre faggrupper, også er det. Det kan være fejl som kan modbevises ved hjælp af konkrete videoer og dokumenter lavet af andre fagpersoner som psykologer, læger mv. Det skal være således at sagsbehandlere som laver disse fejl, skal kunne straffes med alvorlige store bøder svarende til 3 måneders fuldtidsløn for den første forseelse og hvorefter bøderne kan fordobles pr. gang at fejlene gentager sig.",Sagsbehandlere under lov om autorisation,680,1.0,april,2018,10.0,oktober,4 days 00:00:00.000000000,576
89,89,2018-10-02,2018-04-05,"Det foreslås at kommunerne i lighed med regionerne fritages for kravet om at skulle oprette et privat energiselskab for hvert solcelleanlæg der opsættes, samt at kommunerne fritages for kravet om revisorpåtegnede regnskaber for hvert solcelleanlæg der opsættes.",63,"Det foreslås at kommunerne i lighed med regionerne fritages for kravet om at skulle oprette et privat energiselskab for hvert solcelleanlæg der opsættes, samt at kommunerne fritages for kravet om revisorpåtegnede regnskaber for hvert solcelleanlæg der opsættes.",Forslag om bedre betingelser for opsætning af solcelleanlæg på kommunale bygninger.,745,2.0,april,2018,10.0,oktober,3 days 00:00:00.000000000,261
90,90,2018-10-02,2018-04-05,Det foreslås at moms og afgifter på frugt og grønt afskaffes så vi kan få et mere sundt og mindre overvægtigt samfund.,52,Det foreslås at moms og afgifter på frugt og grønt afskaffes så vi kan få et mere sundt og mindre overvægtigt samfund.,Et grønt Danmark – Forslag til afskaffelse af moms og afgifter på frugt og grønt,796,2.0,april,2018,10.0,oktober,3 days 00:00:00.000000000,118
91,91,2018-10-02,2018-04-05,"Alle mænd som har haft seksuelt samvær med en anden mand skal ikke udelukkes permanent fra at blive bloddonor. Risiko hos donor skal vurderes individuelt ved blandt andet at bedømme den enkelte donors seksuelle aktiviteter og adfærd, præcis som det allerede gøres med heteroseksuelle personer med spørgeskemaer i forvejen. Derfor skal den permanente udelukkelse erstattes af en midlertidig karantæne fra seneste seksuelle kontakt med en anden mand.",39,"Alle mænd som har haft seksuelt samvær med en anden mand skal ikke udelukkes permanent fra at blive bloddonor. Risiko hos donor skal vurderes individuelt ved blandt andet at bedømme den enkelte donors seksuelle aktiviteter og adfærd, præcis som det allerede gøres med heteroseksuelle personer med spørgeskemaer i forvejen. Derfor skal den permanente udelukkelse erstattes af en midlertidig karantæne fra seneste seksuelle kontakt med en anden mand.",Tillad mænd som har sex med andre mænd at donere blod.,852,2.0,april,2018,10.0,oktober,3 days 00:00:00.000000000,448
